classifier,accuracy,precision,recall,f1_score,iou,miou,accuracy_std,precision_std,recall_std,iou_std,miou_std
Attention U-Net (5 classes),0.7963481884026498,0.8186652662737853,0.7963481884026498,0.8073525329681137,0.7116742144101796,0.18133751307137297,0.23467481910261362,0.20966540683893192,0.23467481910261362,0.2812642771007561,0.062390420051298336
