classifier,accuracy,precision,recall,f1_score,iou,miou,accuracy_std,precision_std,recall_std,iou_std,miou_std
Attention U-Net (5 classes),0.7907511774222651,0.8232658357196329,0.7907511774222651,0.8066809997988436,0.7083380325277262,0.18240612423761995,0.23653130874803707,0.20342328315336497,0.23653130874803707,0.28013323984618527,0.06436963329272201
