,classifier,accuracy,precision,recall,f1_score,iou,accuracy_std,precision_std,recall_std,iou_std
0,U-Net,0.8881359100341797,0.9313313341988178,0.8881359100341797,0.9092208773351137,0.822721116576471,0.11679332648810041,0.04072761134138759,0.11679332648810041,0.15319246223285013
1,Attention U-Net,0.8987215042114258,0.9417968521772242,0.8987215042114258,0.9197551121533822,0.8426241629273026,0.12155413960283042,0.03886947835661258,0.12155413960283042,0.15815890137805255
2,ResNet50-SegNet,0.8873722076416015,0.9274977309574501,0.8873722076416015,0.9069913954689368,0.8194954559367474,0.10934529997628847,0.038683055760215614,0.10934529997628847,0.1430388461112082
3,FCN32-VGG16,0.7944475173950195,0.814664979683385,0.7944475173950195,0.8044292388422035,0.6680554563008154,0.07667827683678388,0.05541261418409847,0.07667827683678388,0.10226648607290106
4,ResUNet,0.8937101364135742,0.9346859055027806,0.8937101364135742,0.9137388716234708,0.8316721005791843,0.11436560482062011,0.039508654374799064,0.11436560482062011,0.1502486136243499
