classifier,accuracy,precision,recall,f1_score,iou,miou,accuracy_std,precision_std,recall_std,iou_std,miou_std
Attention U-Net (5 classes),0.7678616603513186,0.8086999614582676,0.7678616603513186,0.7877518855477913,0.6859408378527343,0.173619762433648,0.26191869881230595,0.2216205051558187,0.26191869881230595,0.30005729599050124,0.06692666552047903
