classifier,accuracy,precision,recall,f1_score,iou,miou,accuracy_std,precision_std,recall_std,iou_std,miou_std
Attention U-Net (5 classes),0.7685071847560849,0.8037230931666342,0.7685071847560849,0.7857207437437523,0.684908565464598,0.1711051831652451,0.26421381467840127,0.22636779422361197,0.26421381467840127,0.3032944710597593,0.0654741494707838
