,classifier,accuracy,precision,recall,f1_score,iou,accuracy_std,precision_std,recall_std,iou_std
0,U-Net,0.94940185546875,0.9566344551502904,0.94940185546875,0.9530044329848556,0.9067206058968289,0.0449302240574146,0.030725187925912525,0.0449302240574146,0.07555098002920325
1,Attention U-Net,0.9374868392944335,0.949706994780627,0.9374868392944335,0.9435573524211645,0.8878320382506277,0.06858531550416724,0.04285945614869962,0.06858531550416724,0.11123897932536497
2,ResNet50-SegNet,0.8632015228271485,0.9038823198957345,0.8632015228271485,0.8830736562995004,0.7725339619820942,0.1373730215619639,0.07953768728536538,0.1373730215619639,0.2043191025846826
3,FCN32-VGG16,0.906735610961914,0.9091651615201426,0.906735610961914,0.9079487609551085,0.8324396235130948,0.04414497039823232,0.03855249500020928,0.04414497039823232,0.07538177051671117
4,ResUNet,0.9297449111938476,0.9447612640813254,0.9297449111938476,0.9371929409021381,0.8754082524099062,0.0815088035491,0.05159628183526663,0.0815088035491,0.13324803247579087
